-- phpMyAdmin SQL Dump
-- version 4.1.6
-- http://www.phpmyadmin.net
--
-- Host: 127.0.0.1
-- Generation Time: Mar 19, 2018 at 06:33 AM
-- Server version: 5.6.16
-- PHP Version: 5.5.9

SET SQL_MODE = "NO_AUTO_VALUE_ON_ZERO";
SET time_zone = "+00:00";


/*!40101 SET @OLD_CHARACTER_SET_CLIENT=@@CHARACTER_SET_CLIENT */;
/*!40101 SET @OLD_CHARACTER_SET_RESULTS=@@CHARACTER_SET_RESULTS */;
/*!40101 SET @OLD_COLLATION_CONNECTION=@@COLLATION_CONNECTION */;
/*!40101 SET NAMES utf8 */;

--
-- Database: `pcar`
--

-- --------------------------------------------------------

--
-- Table structure for table `account`
--

CREATE TABLE IF NOT EXISTS `account` (
  `accID` bigint(11) NOT NULL AUTO_INCREMENT,
  `email` varchar(255) NOT NULL,
  `password` varchar(255) NOT NULL,
  `name` varchar(255) NOT NULL,
  `position` varchar(255) NOT NULL,
  `regionID` int(11) NOT NULL,
  `levelID` int(11) NOT NULL,
  `status` tinyint(4) NOT NULL,
  PRIMARY KEY (`accID`)
) ENGINE=InnoDB  DEFAULT CHARSET=latin1 AUTO_INCREMENT=54 ;

--
-- Dumping data for table `account`
--

INSERT INTO `account` (`accID`, `email`, `password`, `name`, `position`, `regionID`, `levelID`, `status`) VALUES
(5, 'jjlim@ched.gov.ph', '78284fee6d05199343b3ff00490bbd96338332ee', 'Jason Justin Lim', 'PTS3', 12, 3, 1),
(6, 'jdemetrio@ched.gov.ph', '5a1c79b81c3978551d8ad191dceaade2a029c105', 'Juanito R. Demetrio', 'Director IV', 9, 3, 1),
(7, 'fpalasigue@ched.gov.ph', '4ece2fdce9eee444bcbf54f350e02e06fe9fb42f', 'Fe G. Palasigue', 'Chief Administrative Officer', 12, 3, 1),
(8, 'tpinili@ched.gov.ph', '01620e7b3ccda4f162737132c0e83e043273e707', 'Teresita A. Pinili', 'Chief Program Specialist', 12, 3, 1),
(9, 'rgarcia@ched.gov.ph', '97d2574d73e5f957add9bbb01cb3dc990375e753', 'Rody D. Garcia', 'Supervising Education Program Specialist', 12, 3, 1),
(10, 'cybañez@ched.gov.ph', '6f88c10a8698ac9114f5b61ef0fdcebf3c6e53ed', 'Carlos D. Yba&ntilde;ez', 'Education Supervisor II', 12, 3, 1),
(11, 'rdalumpines@ched.gov.ph', '874de61b7f261b959af9cbd3df0f6b9f4356363e', 'Rosanna D. Dalumpines', 'Education Supervisor II', 12, 3, 1),
(12, 'amorrok@ched.gov.ph', '63b7111fd753a239a4c59615a3dcc7cd251a3430', 'Abelardo P. Morrok', 'Education Supervisor II', 12, 3, 0),
(13, 'malconera@ched.gov.ph', '5d59d525512715fe78ddeb96518ac73c499b1fb6', 'Maxima P. Alconera', 'Education Supervisor II', 12, 3, 1),
(14, 'jtan@ched.gov.ph', 'c56762874a368e2920a2b8b25dcf1ad21fba6ea2', 'Jacinta R. Tan', 'Education Supervisor II', 12, 3, 1),
(15, 'vrubares@ched.gov.ph', 'd35cac8ab977296377bd1379f36067f5674f864c', 'Vivian C. Rubares', 'Education Supervisor II', 12, 3, 1),
(16, 'mroldan@ched.gov.ph', 'c4e3bf086707ce8a6a785727152e35225ae06424', 'Majidalyn M. Roldan', 'Education Supervisor II', 12, 3, 1),
(17, 'dencarnacion@ched.gov.ph', 'a7572a54dc8fd72824cf4248a33916838c6b93ea', 'Dennis M. Encarnacion', 'Education Supervisor II', 12, 3, 1),
(18, 'candrade@ched.gov.ph', 'd421768e5e0e04e19f764c7b0c632a0e812f309e', 'Corazon G. Andrade', 'Education Supervisor II', 12, 3, 1),
(19, 'jtmateo@ched.gov.ph', 'b21dc899d4b6bbd3bb22ada166b90b71da845353', 'Jhamie Tetz I. Mateo', 'Education Supervisor II', 12, 3, 1),
(20, 'mtapawan@ched.gov.ph', '6e104f8b80557f54117a0047aa8d86360bd072a9', 'Ma. Theresa O. Apawan', 'Educational Program Specialist II', 12, 3, 1),
(21, 'cquilab@ched.gov.ph', '866669eae4dcc08e8d6f2c62946987aac70c61d9', 'Conrad A. Quilab', 'Educational Program Specialist II', 12, 3, 1),
(22, 'jcuaresma@ched.gov.ph', 'b4118ef3b5dca3cfb19609d269860557a901e9d4', 'Joe-An G. Cuaresma', 'Accountant II', 12, 3, 1),
(23, 'jdomingsil@ched.gov.ph', 'c7bcaec0b054f7f22c492fb192c3d2307345bd53', 'Janeny B. Domingsil', 'Administrative Officer II', 12, 3, 1),
(24, 'jlstateresa@ched.gov.ph', 'c2435b55747609318377ade570a5433090e87259', 'Joseph Lou C. Sta. Teresa', 'Administrative Officer III', 12, 3, 1),
(25, 'calvarez@ched.gov.ph', '6576e868a9e569b94c4b4d68064c3188cbf8e30d', 'Clarissa C. Alvarez', 'Administrative Assistant II', 12, 3, 1),
(26, 'rmadayag@ched.gov.ph', 'f5242494906d946883573d0b39936a2e58195e9c', 'Raisa A. Madayag', 'Administrative Aide VI', 12, 3, 1),
(27, 'jppineda@ched.gov.ph', 'ea3998c5cbfe548bb1d7d171d1dfbd828e64546a', 'Junevir Placido P. Pineda', 'Administrative Aide VI', 12, 3, 1),
(28, 'jelum@ched.gov.ph', '604cd413e368e4a81752ea400b6e3fe838b0f8ae', 'Joel Q. Elum', 'Administrative Aide III', 12, 3, 1),
(29, 'lstateresa@ched.gov.ph', '7404ecc68d210b25f1385a1f6b2aca58fea40ec4', 'Lucio E. Sta. Teresa Jr.', 'Administrative Aide III', 12, 3, 1),
(47, 'sid@ched.gov.ph', 'aaa795816dd2527a63b8e139aa82edfcc962cfb0', 'Sid Jeric C. Cua', 'Temp', 12, 2, 1),
(48, 'central@ched.gov.ph', '11cbce61f3a282b285785caf6dab30eb09f250a2', 'Central', 'Admin Officer', 0, 1, 1),
(49, 'emontero@ched.gov.ph', '4a390ea3cf3757c8e72c9b2deae29a7bed511240', 'Edgar Montero', 'Unknown', 12, 3, 1),
(53, 'sidcua@ched.gov.ph', '3bb874501760fe9fe7e44255b2dc6127874345bb', 'Sid Cua', 'Chief', 12, 3, 0);

-- --------------------------------------------------------

--
-- Table structure for table `assign`
--

CREATE TABLE IF NOT EXISTS `assign` (
  `assignID` bigint(11) NOT NULL AUTO_INCREMENT,
  `programID` bigint(11) NOT NULL,
  `accID` bigint(11) NOT NULL,
  PRIMARY KEY (`assignID`)
) ENGINE=InnoDB  DEFAULT CHARSET=latin1 AUTO_INCREMENT=253 ;

--
-- Dumping data for table `assign`
--

INSERT INTO `assign` (`assignID`, `programID`, `accID`) VALUES
(3, 3, 24),
(4, 10, 24),
(5, 35, 24),
(6, 36, 24),
(7, 33, 24),
(8, 38, 24),
(9, 3, 22),
(10, 33, 22),
(11, 39, 22),
(12, 68, 22),
(13, 69, 22),
(14, 70, 22),
(15, 4, 22),
(16, 11, 22),
(17, 42, 22),
(18, 43, 22),
(19, 3, 23),
(20, 33, 23),
(21, 37, 23),
(22, 66, 23),
(23, 3, 10),
(24, 1, 10),
(25, 5, 10),
(26, 12, 10),
(27, 13, 10),
(28, 2, 10),
(30, 8, 10),
(31, 27, 10),
(32, 59, 10),
(33, 6, 10),
(34, 53, 10),
(35, 54, 10),
(36, 1, 11),
(37, 5, 11),
(38, 12, 11),
(39, 13, 11),
(40, 2, 11),
(41, 7, 11),
(42, 21, 11),
(43, 56, 11),
(44, 23, 11),
(45, 24, 11),
(46, 58, 11),
(49, 8, 11),
(50, 27, 11),
(51, 59, 11),
(52, 1, 13),
(53, 5, 13),
(54, 12, 13),
(56, 6, 13),
(57, 53, 13),
(58, 54, 13),
(59, 2, 13),
(60, 7, 13),
(61, 21, 13),
(62, 55, 13),
(63, 23, 13),
(64, 24, 13),
(65, 97, 13),
(66, 99, 13),
(67, 25, 13),
(68, 8, 13),
(69, 27, 13),
(70, 59, 13),
(72, 3, 13),
(73, 9, 13),
(74, 30, 13),
(75, 33, 13),
(76, 41, 13),
(77, 71, 13),
(78, 1, 25),
(87, 96, 25),
(88, 19, 25),
(89, 3, 25),
(90, 33, 25),
(91, 41, 25),
(92, 73, 25),
(93, 1, 18),
(94, 5, 18),
(95, 12, 18),
(96, 13, 18),
(97, 2, 18),
(98, 7, 18),
(99, 21, 18),
(100, 55, 18),
(101, 23, 18),
(102, 24, 18),
(103, 97, 18),
(104, 58, 18),
(105, 8, 18),
(106, 27, 18),
(107, 59, 18),
(108, 3, 18),
(109, 9, 18),
(110, 30, 18),
(111, 3, 21),
(112, 33, 21),
(113, 41, 21),
(114, 71, 21),
(115, 72, 21),
(116, 75, 21),
(117, 1, 17),
(118, 5, 17),
(121, 2, 17),
(122, 7, 17),
(125, 23, 17),
(126, 8, 17),
(127, 27, 17),
(128, 59, 17),
(129, 1, 14),
(130, 5, 14),
(131, 12, 14),
(132, 13, 14),
(133, 2, 14),
(134, 7, 14),
(135, 23, 14),
(136, 22, 14),
(137, 21, 14),
(138, 55, 14),
(139, 56, 14),
(140, 24, 14),
(141, 97, 14),
(142, 98, 14),
(143, 58, 14),
(144, 8, 14),
(145, 27, 14),
(146, 59, 14),
(147, 28, 14),
(148, 60, 14),
(149, 63, 14),
(150, 1, 19),
(151, 5, 19),
(152, 12, 19),
(153, 13, 19),
(154, 2, 19),
(155, 7, 19),
(156, 22, 19),
(157, 23, 19),
(158, 21, 19),
(159, 55, 19),
(160, 56, 19),
(161, 57, 19),
(162, 24, 19),
(163, 58, 19),
(164, 97, 19),
(165, 98, 19),
(166, 99, 19),
(167, 8, 19),
(168, 27, 19),
(169, 59, 19),
(170, 28, 19),
(171, 63, 19),
(172, 3, 19),
(173, 10, 19),
(174, 34, 19),
(175, 33, 19),
(177, 39, 19),
(178, 70, 19),
(179, 1, 16),
(180, 5, 16),
(181, 13, 16),
(182, 6, 16),
(183, 14, 16),
(184, 15, 16),
(185, 16, 16),
(186, 44, 16),
(187, 51, 16),
(188, 76, 16),
(189, 77, 16),
(190, 78, 16),
(191, 79, 16),
(192, 80, 16),
(193, 45, 16),
(194, 81, 16),
(195, 82, 16),
(196, 83, 16),
(197, 84, 16),
(198, 85, 16),
(199, 46, 16),
(200, 86, 16),
(201, 47, 16),
(202, 87, 16),
(203, 88, 16),
(204, 17, 16),
(205, 49, 16),
(206, 50, 16),
(207, 52, 16),
(208, 96, 16),
(209, 102, 16),
(210, 93, 16),
(211, 94, 16),
(212, 95, 16),
(213, 18, 16),
(214, 2, 16),
(215, 8, 16),
(216, 28, 16),
(217, 64, 16),
(218, 3, 26),
(219, 33, 26),
(220, 37, 26),
(221, 65, 26),
(222, 67, 26),
(224, 74, 26),
(225, 1, 49),
(226, 5, 49),
(227, 12, 49),
(228, 13, 49),
(229, 1, 15),
(230, 5, 15),
(231, 12, 15),
(232, 13, 15),
(233, 2, 15),
(234, 8, 15),
(235, 27, 15),
(236, 59, 15),
(237, 3, 15),
(238, 9, 15),
(239, 31, 15),
(240, 97, 11),
(241, 98, 11),
(242, 22, 18),
(243, 12, 17),
(244, 13, 17),
(245, 4, 51),
(246, 11, 51),
(247, 42, 51),
(248, 43, 51),
(249, 1, 52),
(250, 5, 52),
(251, 12, 52),
(252, 13, 52);

-- --------------------------------------------------------

--
-- Table structure for table `level`
--

CREATE TABLE IF NOT EXISTS `level` (
  `levelID` int(11) NOT NULL AUTO_INCREMENT,
  `levelname` varchar(255) NOT NULL,
  `status` tinyint(11) NOT NULL,
  PRIMARY KEY (`levelID`)
) ENGINE=InnoDB  DEFAULT CHARSET=latin1 AUTO_INCREMENT=4 ;

--
-- Dumping data for table `level`
--

INSERT INTO `level` (`levelID`, `levelname`, `status`) VALUES
(0, 'Developer', 1),
(1, 'Central Admin', 1),
(2, 'Regional Admin', 1),
(3, 'Personnel', 1);

-- --------------------------------------------------------

--
-- Table structure for table `locked`
--

CREATE TABLE IF NOT EXISTS `locked` (
  `target` tinyint(11) NOT NULL,
  `accomplish` tinyint(11) NOT NULL,
  `year` int(11) NOT NULL
) ENGINE=InnoDB DEFAULT CHARSET=latin1;

--
-- Dumping data for table `locked`
--

INSERT INTO `locked` (`target`, `accomplish`, `year`) VALUES
(0, 1, 2017);

-- --------------------------------------------------------

--
-- Table structure for table `milestone`
--

CREATE TABLE IF NOT EXISTS `milestone` (
  `milestoneID` int(11) NOT NULL AUTO_INCREMENT,
  `milestone` varchar(255) NOT NULL,
  `accID` int(11) NOT NULL,
  `year` int(11) NOT NULL,
  PRIMARY KEY (`milestoneID`)
) ENGINE=InnoDB  DEFAULT CHARSET=latin1 AUTO_INCREMENT=10 ;

-- --------------------------------------------------------

--
-- Table structure for table `program`
--

CREATE TABLE IF NOT EXISTS `program` (
  `programID` bigint(11) NOT NULL AUTO_INCREMENT,
  `title` varchar(255) NOT NULL,
  `level` varchar(255) NOT NULL,
  `under` varchar(255) NOT NULL,
  `percentage` double NOT NULL,
  `status` tinyint(11) NOT NULL,
  `state` tinyint(11) NOT NULL,
  PRIMARY KEY (`programID`)
) ENGINE=InnoDB  DEFAULT CHARSET=latin1 AUTO_INCREMENT=106 ;

--
-- Dumping data for table `program`
--

INSERT INTO `program` (`programID`, `title`, `level`, `under`, `percentage`, `status`, `state`) VALUES
(1, 'MFO 2. HIGHER EDUCATION DEVELOPMENT', '1', '0', 15, 0, 1),
(2, 'MFO 4. HIGHER EDUCATION  REGULATION SERVICES', '1', '0', 60, 0, 1),
(3, 'SUPPORT TO OPERATIONS', '1', '0', 20, 0, 1),
(4, 'GENERAL ADMINISTRATION AND SUPPORT SERVICES', '1', '0', 5, 0, 1),
(5, 'PAP  1: Provision of assistance to HEIS', '2', '1', 0, 0, 1),
(6, 'PAP 2: Provision of assistance, incentives, scholarships and grants', '2', '1', 0, 0, 1),
(7, 'PAP 1: Development of Standards for higher education programs and initiatives', '2', '2', 0, 0, 1),
(8, 'PAP 2: Monitoring and evaluation of performance of HE programs and institutions and provision of appropriate incentives as well as imposition of sanctions', '2', '2', 0, 0, 1),
(9, 'Monitoring of HEI Services', '2', '3', 0, 0, 1),
(10, 'No. of IEC materials developed / published (e.g. newsletter, reports, publication)', '2', '3', 0, 0, 1),
(11, 'No. of Human Resource Development Activities - minimum of 2', '2', '4', 0, 0, 1),
(12, 'No. of activities conducted (e.g. Amalgamation, Typology, STUFAPs, GAD, Research and Extension, PSgs / CMOs dialogue, etc)', '3', '5', 0, 1, 1),
(13, 'Number of HEIs/stakeholders assisted/facilitated from the activities conducted as experts or resource persons', '3', '5', 0, 1, 1),
(14, 'Total number of STUFAPs applications processed', '3', '6', 0, 1, 1),
(15, 'Number of STUFAP slots awarded', '3', '6', 0, 1, 1),
(16, 'A. GAA FUNDED', '3', '6', 0, 0, 1),
(17, 'B. HEDF FUNDED', '3', '6', 0, 0, 1),
(18, '% of STUFAP grantees who completed their degrees', '3', '6', 0, 1, 1),
(19, '% of payments recieved by grantee/HEI within 5 working days of the scheduled payment date', '3', '6', 0, 1, 1),
(20, '% of scholars/ grantees awarded in undersubscribed/ priority disciplines related to total number of grantees', '3', '6', 0, 1, 1),
(21, 'Number of HEIs that applied for permits and recognitions', '3', '7', 0, 0, 1),
(22, 'No. of SUCs/ LUCs that applied for COPCs', '3', '7', 0, 1, 1),
(23, 'No. of curricula evaluated per PSGs', '3', '7', 0, 1, 1),
(24, 'Number of Programs subjected to standards (Initial/renewal permits/recognition processed/issued)', '3', '7', 0, 0, 1),
(25, '100% of applications processed/acted on Tuition and Other Fees increases', '3', '7', 0, 1, 1),
(26, '% of stakeholders who rate CHED minimum standards for programs and institutions of higher learning as good or better', '3', '7', 0, 1, 1),
(27, 'Monitoring', '3', '8', 0, 0, 1),
(28, 'Enforcement', '3', '8', 0, 0, 1),
(30, 'No. of HEIs with Tuition Fee increase monitored (100%)', '3', '9', 0, 1, 1),
(31, 'No. of HEIs monitored on Student Services XB ( 35%) B( 50%)  M(65%) S( 80%)', '3', '9', 0, 1, 1),
(33, 'CHEDRO Frontline Services', '2', '3', 0, 0, 1),
(34, 'a. newsletter / publications', '3', '10', 0, 1, 1),
(35, 'b. Statistical Bulletin', '3', '10', 0, 1, 1),
(36, 'c. Regional Website', '3', '10', 0, 1, 1),
(37, '100% of CAVs, SOs and other certifications processed and acted', '3', '33', 0, 0, 1),
(38, '80% of total HEIs MIS data retrieved and validated', '3', '33', 0, 1, 1),
(39, 'Mediation/ Investigation/ Conciliation', '3', '33', 0, 0, 1),
(40, 'No. of procurement activities conducted - minimum of 1 per month (12 in a year)', '3', '33', 0, 1, 1),
(41, 'Number of financial transactions: acted, processed and released', '3', '33', 0, 0, 1),
(42, '50% of total employees attended trainings/ seminars/ workshops', '3', '11', 0, 1, 1),
(43, 'No. of office planning/ assessment activities conducted/ attended - minimum of 3', '3', '11', 0, 1, 1),
(44, 'A. I. Scholarships', '4', '16', 0, 0, 1),
(45, 'A. II. Grants in Aid', '4', '16', 0, 0, 1),
(46, 'A. III. Student Loans', '4', '16', 0, 0, 1),
(47, 'Other Programs', '4', '16', 0, 0, 1),
(48, 'New Programs', '4', '16', 0, 0, 1),
(49, 'Full', '4', '17', 0, 1, 1),
(50, 'Partial', '4', '17', 0, 1, 1),
(51, 'PESFA', '5', '44', 0, 1, 1),
(52, 'Half Merit', '4', '17', 0, 1, 1),
(53, 'Monitoring of HEI Services', '3', '6', 0, 0, 1),
(54, 'No. of HEIs with STUFAPs monitored XB (221 and above-35%) B (50%) M (65%) S (80%)', '4', '53', 0, 1, 1),
(55, 'a. Initial Permit', '4', '21', 0, 1, 1),
(56, 'b. Renewal Permits', '4', '21', 0, 1, 1),
(57, 'c. Government Recognition', '4', '17', 0, 1, 1),
(58, 'd. COPCs', '4', '24', 0, 1, 1),
(59, 'No. of Programs evaluated/monitored for PSG compliance (5% of the total programs for BIG Regions and 7% for MEDIUM regions and 10% for SMALL regions) B(151 above) M(81-150) S(80 below)', '4', '27', 0, 1, 1),
(60, 'Number of quality assurance inspections carried out', '4', '28', 0, 1, 1),
(61, '% of inspections that resulted in the recommendation of an incentive, sanctions or the other intervetions', '4', '28', 0, 1, 1),
(63, 'No. of sanction actions ( enforcement activities undertaken towards programs phased-out/closure', '4', '28', 0, 1, 1),
(64, '50% of SNPLP borrowers sent demand letters', '4', '28', 0, 1, 1),
(65, 'a. CAV', '4', '37', 0, 1, 1),
(66, 'b. S.O.', '4', '37', 0, 1, 1),
(67, 'c. Certification', '4', '37', 0, 1, 1),
(68, 'a. Mediation - B(5) M(3) S(2) cases handled', '4', '39', 0, 1, 1),
(69, 'b. Investigation B(10) M(7) S(5) cases handled', '4', '39', 0, 1, 1),
(70, 'c. Complaints', '4', '39', 0, 1, 1),
(71, 'Vouchers Processed/ Released', '4', '41', 0, 1, 1),
(72, 'NTAs Acted', '4', '41', 0, 1, 1),
(73, 'Checks Issued / Released', '4', '41', 0, 1, 1),
(74, '100% of total Communications recieved processed and acted', '3', '33', 0, 1, 1),
(75, '100% of reports prepared / submitted (to CHED, DBM, COA, CSC, HDMF, GSIS, Ombudsman, CESB, OP, etc.)', '3', '33', 0, 1, 1),
(76, 'Full Scholar', '5', '44', 0, 1, 1),
(77, 'Partial Scholar', '5', '44', 0, 1, 1),
(78, 'GAD-Full', '5', '44', 0, 1, 1),
(79, 'GAD-Partial', '5', '44', 0, 1, 1),
(80, 'GAD-PESFA', '5', '44', 0, 1, 1),
(81, 'TD 00', '5', '45', 0, 1, 1),
(82, 'TD 01', '5', '45', 0, 1, 1),
(83, 'TD 02', '5', '45', 0, 1, 1),
(84, 'TD 02 ARMM', '5', '45', 0, 1, 1),
(85, 'TD 02 PL', '5', '45', 0, 1, 1),
(86, 'SNPLP', '5', '46', 0, 1, 1),
(87, 'Iskolar ng Bayan', '5', '47', 0, 1, 1),
(88, 'PAMANA', '5', '47', 0, 1, 1),
(89, 'DND', '5', '47', 0, 1, 1),
(90, 'OPPAP', '5', '47', 0, 1, 1),
(91, 'SUGAR', '5', '48', 0, 1, 1),
(92, 'INB under STUFAPs', '5', '48', 0, 1, 1),
(93, 'Beneficiaries of SAF 44', '5', '96', 0, 1, 1),
(94, 'Sajahatra Bangsamoro', '5', '96', 0, 1, 1),
(95, 'Social fund for Normalization Process', '5', '96', 0, 1, 1),
(96, 'Other Programs', '4', '17', 0, 0, 1),
(97, 'a. Initial Permit', '4', '24', 0, 1, 1),
(98, 'b. Renewal Permits', '4', '24', 0, 1, 1),
(99, 'c. Government Recognition', '4', '24', 0, 1, 1),
(102, 'PESFA', '4', '17', 0, 1, 1);

-- --------------------------------------------------------

--
-- Table structure for table `region`
--

CREATE TABLE IF NOT EXISTS `region` (
  `regionID` int(11) NOT NULL AUTO_INCREMENT,
  `region_name` varchar(255) NOT NULL,
  `region_code` varchar(255) NOT NULL,
  `region_digit` varchar(255) NOT NULL,
  `region_status` tinyint(4) NOT NULL,
  PRIMARY KEY (`regionID`)
) ENGINE=MyISAM  DEFAULT CHARSET=latin1 AUTO_INCREMENT=22 ;

--
-- Dumping data for table `region`
--

INSERT INTO `region` (`regionID`, `region_name`, `region_code`, `region_digit`, `region_status`) VALUES
(1, 'National Capital Region', 'NCR', 'NCR', 1),
(2, 'Cordillera Administrative Region', 'CAR', 'CAR', 1),
(3, 'Ilocos Region', 'Region I', '01', 1),
(4, 'Cagayan Valley', 'Region II', '02', 1),
(5, 'Central Luzon', 'Region III', '03', 1),
(6, 'CALABARZON', 'Region IV-A', '04A', 1),
(7, 'MIMAROPA', 'Region IV-B', '04B', 1),
(8, 'Bicol Region', 'Region V', '05', 1),
(9, 'Western Visayas', 'Region VI', '06', 1),
(10, 'Central Visayas', 'Region VII', '07', 1),
(11, 'Eastern Visayas', 'Region VIII', '08', 1),
(12, 'Zamboanga Peninsula', 'Region IX', '09', 1),
(13, 'Northern Mindanao', 'Region X', '10', 1),
(14, 'Davao Region', 'Region XI', '11', 1),
(15, 'SOCCSKSARGEN', 'Region XII', '12', 1),
(16, 'Caraga', 'Region XIII', '13', 1),
(17, 'Autonomous Region in Muslim Mindanao', 'ARMM', 'ARMM', 1),
(18, 'Negros Island Region', 'Region XVIII', '16', 1);

-- --------------------------------------------------------

--
-- Table structure for table `super_account`
--

CREATE TABLE IF NOT EXISTS `super_account` (
  `accID` int(20) NOT NULL AUTO_INCREMENT,
  `email` varchar(255) NOT NULL,
  `password` varchar(255) NOT NULL,
  `name` varchar(255) NOT NULL,
  `position` varchar(255) NOT NULL,
  `regionID` int(11) NOT NULL,
  `levelID` int(11) NOT NULL,
  `status` tinyint(4) NOT NULL,
  PRIMARY KEY (`accID`)
) ENGINE=InnoDB  DEFAULT CHARSET=latin1 AUTO_INCREMENT=10000 ;

--
-- Dumping data for table `super_account`
--

INSERT INTO `super_account` (`accID`, `email`, `password`, `name`, `position`, `regionID`, `levelID`, `status`) VALUES
(9999, 'dev@ched.gov.ph', '78977826ab260d2b41895aea75a5a1b27c8a79e5', 'Dev', 'Developer_Admin', 0, 0, 1);

-- --------------------------------------------------------

--
-- Table structure for table `targetaccomplish`
--

CREATE TABLE IF NOT EXISTS `targetaccomplish` (
  `assignID` bigint(20) NOT NULL,
  `target` int(11) NOT NULL,
  `target_added` datetime NOT NULL,
  `accomplish` int(11) NOT NULL,
  `accomplish_added` datetime NOT NULL,
  `month` int(20) NOT NULL,
  `year` int(11) NOT NULL
) ENGINE=InnoDB DEFAULT CHARSET=latin1;

--
-- Dumping data for table `targetaccomplish`
--

INSERT INTO `targetaccomplish` (`assignID`, `target`, `target_added`, `accomplish`, `accomplish_added`, `month`, `year`) VALUES
(6, 1, '2018-02-21 16:05:00', 2, '2018-02-21 16:05:00', 8, 2017),
(6, 1, '2018-02-21 16:05:00', 2, '2018-02-21 16:05:00', 11, 2017),
(5, 0, '0000-00-00 00:00:00', 2, '2018-02-21 16:05:00', 6, 2017),
(5, 0, '0000-00-00 00:00:00', 2, '2018-02-21 16:05:00', 9, 2017),
(5, 0, '0000-00-00 00:00:00', 2, '2018-02-21 16:05:00', 11, 2017),
(8, 0, '0000-00-00 00:00:00', 101, '2018-02-21 16:06:00', 8, 2017),
(8, 0, '0000-00-00 00:00:00', 101, '2018-02-21 16:06:00', 11, 2017),
(12, 1, '2018-02-21 16:09:00', 1, '2018-02-21 16:10:00', 5, 2017),
(13, 1, '2018-02-21 16:09:00', 0, '0000-00-00 00:00:00', 5, 2017),
(14, 1, '2018-02-21 16:09:00', 1, '2018-02-21 16:11:00', 1, 2017),
(17, 5, '2018-02-21 16:10:00', 12, '2018-02-21 16:12:00', 1, 2017),
(17, 5, '2018-02-21 16:10:00', 20, '2018-02-21 16:12:00', 2, 2017),
(17, 5, '2018-02-21 16:10:00', 15, '2018-02-21 16:12:00', 3, 2017),
(17, 5, '2018-02-21 16:10:00', 12, '2018-02-21 16:12:00', 4, 2017),
(17, 5, '2018-02-21 16:10:00', 20, '2018-02-21 16:12:00', 5, 2017),
(17, 5, '2018-02-21 16:10:00', 15, '2018-02-21 16:12:00', 6, 2017),
(17, 5, '2018-02-21 16:10:00', 15, '2018-02-21 16:12:00', 7, 2017),
(17, 5, '2018-02-21 16:10:00', 20, '2018-02-21 16:12:00', 8, 2017),
(17, 5, '2018-02-21 16:10:00', 15, '2018-02-21 16:12:00', 9, 2017),
(17, 5, '2018-02-21 16:10:00', 15, '2018-02-21 16:12:00', 10, 2017),
(18, 1, '2018-02-21 16:10:00', 2, '2018-02-21 16:12:00', 1, 2017),
(18, 1, '2018-02-21 16:10:00', 2, '2018-02-21 16:12:00', 6, 2017),
(18, 1, '2018-02-21 16:10:00', 2, '2018-02-21 16:12:00', 9, 2017),
(12, 0, '0000-00-00 00:00:00', 1, '2018-02-21 16:10:00', 2, 2017),
(12, 0, '0000-00-00 00:00:00', 2, '2018-02-21 16:10:00', 11, 2017),
(13, 0, '0000-00-00 00:00:00', 1, '2018-02-21 16:11:00', 6, 2017),
(13, 0, '0000-00-00 00:00:00', 1, '2018-02-21 16:11:00', 8, 2017),
(13, 0, '0000-00-00 00:00:00', 1, '2018-02-21 16:11:00', 10, 2017),
(14, 0, '0000-00-00 00:00:00', 2, '2018-02-21 16:11:00', 2, 2017),
(14, 0, '0000-00-00 00:00:00', 1, '2018-02-21 16:11:00', 8, 2017),
(22, 146, '2018-02-21 16:13:00', 0, '0000-00-00 00:00:00', 1, 2017),
(22, 146, '2018-02-21 16:13:00', 0, '0000-00-00 00:00:00', 2, 2017),
(22, 146, '2018-02-21 16:13:00', 0, '0000-00-00 00:00:00', 3, 2017),
(22, 146, '2018-02-21 16:13:00', 0, '0000-00-00 00:00:00', 4, 2017),
(22, 146, '2018-02-21 16:13:00', 0, '0000-00-00 00:00:00', 5, 2017),
(22, 146, '2018-02-21 16:13:00', 0, '0000-00-00 00:00:00', 6, 2017),
(22, 146, '2018-02-21 16:13:00', 0, '0000-00-00 00:00:00', 7, 2017),
(22, 146, '2018-02-21 16:13:00', 0, '0000-00-00 00:00:00', 8, 2017),
(22, 146, '2018-02-21 16:13:00', 0, '0000-00-00 00:00:00', 9, 2017),
(22, 146, '2018-02-21 16:13:00', 0, '0000-00-00 00:00:00', 10, 2017),
(22, 146, '2018-02-21 16:13:00', 0, '0000-00-00 00:00:00', 11, 2017),
(22, 146, '2018-02-21 16:13:00', 0, '0000-00-00 00:00:00', 12, 2017),
(231, 1, '2018-02-21 16:21:00', 5, '2018-02-21 16:22:00', 3, 2017),
(231, 1, '2018-02-21 16:21:00', 3, '2018-02-21 16:22:00', 5, 2017),
(231, 1, '2018-02-21 16:21:00', 1, '2018-02-21 16:22:00', 8, 2017),
(231, 1, '2018-02-21 16:21:00', 0, '0000-00-00 00:00:00', 11, 2017),
(232, 1, '2018-02-21 16:21:00', 4, '2018-02-21 16:23:00', 2, 2017),
(232, 1, '2018-02-21 16:21:00', 0, '2018-02-21 16:23:00', 4, 2017),
(232, 1, '2018-02-21 16:21:00', 4, '2018-02-21 16:23:00', 8, 2017),
(232, 1, '2018-02-21 16:21:00', 0, '0000-00-00 00:00:00', 10, 2017),
(236, 1, '2018-02-21 16:22:00', 0, '0000-00-00 00:00:00', 2, 2017),
(236, 1, '2018-02-21 16:22:00', 7, '2018-02-21 16:24:00', 3, 2017),
(236, 1, '2018-02-21 16:22:00', 1, '2018-02-21 16:24:00', 5, 2017),
(236, 1, '2018-02-21 16:22:00', 3, '2018-02-21 16:24:00', 6, 2017),
(236, 1, '2018-02-21 16:22:00', 6, '2018-02-21 16:24:00', 7, 2017),
(236, 1, '2018-02-21 16:22:00', 2, '2018-02-21 16:24:00', 9, 2017),
(236, 1, '2018-02-21 16:22:00', 1, '2018-02-21 16:24:00', 10, 2017),
(236, 1, '2018-02-21 16:22:00', 0, '0000-00-00 00:00:00', 11, 2017),
(239, 1, '2018-02-22 20:13:00', 3, '2018-02-21 16:39:00', 1, 2017),
(239, 1, '2018-02-22 20:13:00', 5, '2018-02-21 16:39:00', 2, 2017),
(239, 1, '2018-02-22 20:13:00', 7, '2018-02-21 16:39:00', 3, 2017),
(239, 1, '2018-02-22 20:13:00', 3, '2018-02-21 16:39:00', 4, 2017),
(239, 1, '2018-02-22 20:13:00', 5, '2018-02-21 16:39:00', 5, 2017),
(239, 1, '2018-02-22 20:13:00', 10, '2018-02-21 16:39:00', 7, 2017),
(239, 1, '2018-02-22 20:13:00', 6, '2018-02-21 16:39:00', 8, 2017),
(239, 1, '2018-02-22 20:13:00', 5, '2018-02-21 16:39:00', 9, 2017),
(239, 1, '2018-02-22 20:13:00', 0, '0000-00-00 00:00:00', 10, 2017),
(239, 1, '2018-02-22 20:13:00', 1, '2018-02-21 16:39:00', 11, 2017),
(239, 1, '2018-02-22 20:13:00', 0, '0000-00-00 00:00:00', 12, 2017),
(231, 0, '0000-00-00 00:00:00', 1, '2018-02-21 16:22:00', 1, 2017),
(231, 0, '0000-00-00 00:00:00', 4, '2018-02-21 16:22:00', 2, 2017),
(231, 0, '0000-00-00 00:00:00', 2, '2018-02-21 16:22:00', 7, 2017),
(231, 0, '0000-00-00 00:00:00', 1, '2018-02-21 16:22:00', 9, 2017),
(232, 0, '0000-00-00 00:00:00', 7, '2018-02-21 16:23:00', 3, 2017),
(232, 0, '0000-00-00 00:00:00', 3, '2018-02-21 16:23:00', 5, 2017),
(232, 0, '0000-00-00 00:00:00', 5, '2018-02-21 16:23:00', 7, 2017),
(232, 0, '0000-00-00 00:00:00', 1, '2018-02-21 16:23:00', 9, 2017),
(236, 0, '0000-00-00 00:00:00', 2, '2018-02-21 16:24:00', 8, 2017),
(38, 1, '2018-02-21 16:26:00', 0, '0000-00-00 00:00:00', 1, 2017),
(38, 1, '2018-02-21 16:26:00', 1, '2018-02-21 16:27:00', 3, 2017),
(38, 1, '2018-02-21 16:26:00', 0, '0000-00-00 00:00:00', 5, 2017),
(38, 1, '2018-02-21 16:26:00', 0, '0000-00-00 00:00:00', 6, 2017),
(38, 1, '2018-02-21 16:26:00', 0, '0000-00-00 00:00:00', 7, 2017),
(38, 1, '2018-02-21 16:26:00', 0, '0000-00-00 00:00:00', 8, 2017),
(38, 1, '2018-02-21 16:26:00', 0, '0000-00-00 00:00:00', 9, 2017),
(38, 1, '2018-02-21 16:26:00', 0, '0000-00-00 00:00:00', 10, 2017),
(38, 1, '2018-02-21 16:26:00', 0, '0000-00-00 00:00:00', 11, 2017),
(38, 1, '2018-02-21 16:26:00', 0, '0000-00-00 00:00:00', 12, 2017),
(44, 1, '2018-02-21 16:26:00', 2, '2018-02-21 16:30:00', 1, 2017),
(44, 1, '2018-02-21 16:26:00', 2, '2018-02-21 16:30:00', 2, 2017),
(44, 2, '2018-02-21 16:26:00', 4, '2018-02-21 16:30:00', 3, 2017),
(44, 1, '2018-02-21 16:26:00', 0, '0000-00-00 00:00:00', 4, 2017),
(44, 1, '2018-02-21 16:26:00', 6, '2018-02-21 16:30:00', 5, 2017),
(44, 1, '2018-02-21 16:26:00', 10, '2018-02-21 16:30:00', 6, 2017),
(44, 1, '2018-02-21 16:26:00', 0, '0000-00-00 00:00:00', 7, 2017),
(44, 1, '2018-02-21 16:26:00', 0, '0000-00-00 00:00:00', 8, 2017),
(44, 1, '2018-02-21 16:26:00', 0, '0000-00-00 00:00:00', 9, 2017),
(44, 1, '2018-02-21 16:26:00', 0, '0000-00-00 00:00:00', 10, 2017),
(44, 2, '2018-02-21 16:26:00', 0, '0000-00-00 00:00:00', 11, 2017),
(44, 1, '2018-02-21 16:26:00', 0, '0000-00-00 00:00:00', 12, 2017),
(43, 1, '2018-02-21 16:27:00', 0, '0000-00-00 00:00:00', 3, 2017),
(46, 1, '2018-02-21 16:27:00', 2, '2018-02-21 16:49:00', 3, 2017),
(46, 1, '2018-02-21 16:27:00', 2, '2018-02-21 16:49:00', 5, 2017),
(51, 1, '2018-02-21 16:27:00', 3, '2018-02-21 16:49:00', 1, 2017),
(51, 1, '2018-02-21 16:27:00', 5, '2018-02-21 16:49:00', 2, 2017),
(51, 1, '2018-02-21 16:27:00', 3, '2018-02-21 16:49:00', 3, 2017),
(51, 1, '2018-02-21 16:27:00', 0, '0000-00-00 00:00:00', 4, 2017),
(51, 1, '2018-02-21 16:27:00', 5, '2018-02-21 16:49:00', 5, 2017),
(51, 1, '2018-02-21 16:27:00', 10, '2018-02-21 16:49:00', 6, 2017),
(51, 1, '2018-02-21 16:27:00', 9, '2018-02-21 16:49:00', 7, 2017),
(51, 1, '2018-02-21 16:27:00', 2, '2018-02-21 16:49:00', 8, 2017),
(51, 1, '2018-02-21 16:27:00', 2, '2018-02-21 16:49:00', 9, 2017),
(51, 1, '2018-02-21 16:27:00', 0, '0000-00-00 00:00:00', 10, 2017),
(51, 1, '2018-02-21 16:27:00', 0, '0000-00-00 00:00:00', 11, 2017),
(51, 1, '2018-02-21 16:27:00', 0, '0000-00-00 00:00:00', 12, 2017),
(39, 0, '0000-00-00 00:00:00', 2, '2018-02-21 16:28:00', 1, 2017),
(39, 0, '0000-00-00 00:00:00', 3, '2018-02-21 16:28:00', 2, 2017),
(39, 0, '0000-00-00 00:00:00', 2, '2018-02-21 16:28:00', 3, 2017),
(39, 0, '0000-00-00 00:00:00', 9, '2018-02-21 16:28:00', 6, 2017),
(39, 0, '0000-00-00 00:00:00', 7, '2018-02-21 16:28:00', 7, 2017),
(39, 0, '0000-00-00 00:00:00', 2, '2018-02-21 16:28:00', 8, 2017),
(39, 0, '0000-00-00 00:00:00', 2, '2018-02-21 16:28:00', 9, 2017),
(43, 0, '0000-00-00 00:00:00', 1, '2018-02-21 16:41:00', 5, 2017),
(239, 1, '2018-02-22 20:13:00', 0, '0000-00-00 00:00:00', 6, 2017),
(43, 0, '0000-00-00 00:00:00', 1, '2018-02-21 16:41:00', 7, 2017),
(240, 0, '0000-00-00 00:00:00', 1, '2018-02-21 16:42:00', 6, 2017),
(241, 1, '2018-02-21 16:47:00', 1, '2018-02-21 16:48:00', 3, 2017),
(241, 0, '0000-00-00 00:00:00', 3, '2018-02-21 16:48:00', 6, 2017),
(241, 0, '0000-00-00 00:00:00', 1, '2018-02-21 16:48:00', 7, 2017),
(54, 1, '2018-02-21 16:50:00', 16, '2018-02-21 16:54:00', 5, 2017),
(58, 10, '2018-02-21 16:50:00', 0, '0000-00-00 00:00:00', 7, 2017),
(58, 10, '2018-02-21 16:50:00', 0, '0000-00-00 00:00:00', 8, 2017),
(63, 18, '2018-02-21 16:51:00', 30, '2018-02-21 16:55:00', 3, 2017),
(63, 1, '2018-02-21 16:51:00', 2, '2018-02-21 16:55:00', 4, 2017),
(65, 1, '2018-02-21 16:52:00', 0, '0000-00-00 00:00:00', 5, 2017),
(66, 1, '2018-02-21 16:52:00', 1, '2018-02-21 16:56:00', 6, 2017),
(67, 5, '2018-02-21 16:53:00', 16, '2018-02-21 16:56:00', 4, 2017),
(70, 2, '2018-02-21 16:53:00', 3, '2018-02-21 16:56:00', 2, 2017),
(70, 2, '2018-02-21 16:53:00', 6, '2018-02-21 16:56:00', 6, 2017),
(74, 22, '2018-02-21 16:54:00', 22, '2018-02-21 16:57:00', 2, 2017),
(74, 8, '2018-02-21 16:54:00', 0, '0000-00-00 00:00:00', 8, 2017),
(74, 8, '2018-02-21 16:54:00', 21, '2018-02-21 16:57:00', 9, 2017),
(77, 50, '2018-02-21 16:54:00', 70, '2018-02-21 16:57:00', 1, 2017),
(77, 150, '2018-02-21 16:54:00', 200, '2018-02-21 16:57:00', 2, 2017),
(77, 300, '2018-02-21 16:54:00', 450, '2018-02-21 16:57:00', 3, 2017),
(54, 0, '0000-00-00 00:00:00', 1, '2018-02-21 16:54:00', 7, 2017),
(54, 0, '0000-00-00 00:00:00', 5, '2018-02-21 16:54:00', 10, 2017),
(58, 0, '0000-00-00 00:00:00', 26, '2018-02-21 16:55:00', 9, 2017),
(58, 0, '0000-00-00 00:00:00', 4, '2018-02-21 16:55:00', 10, 2017),
(58, 0, '0000-00-00 00:00:00', 4, '2018-02-21 16:55:00', 11, 2017),
(62, 0, '0000-00-00 00:00:00', 1, '2018-02-21 16:55:00', 3, 2017),
(62, 0, '0000-00-00 00:00:00', 10, '2018-02-21 16:55:00', 6, 2017),
(62, 0, '0000-00-00 00:00:00', 2, '2018-02-21 16:55:00', 8, 2017),
(65, 0, '0000-00-00 00:00:00', 1, '2018-02-21 16:55:00', 6, 2017),
(70, 0, '0000-00-00 00:00:00', 6, '2018-02-21 16:56:00', 8, 2017),
(70, 0, '0000-00-00 00:00:00', 4, '2018-02-21 16:56:00', 9, 2017),
(70, 0, '0000-00-00 00:00:00', 1, '2018-02-21 16:56:00', 10, 2017),
(70, 0, '0000-00-00 00:00:00', 1, '2018-02-21 16:56:00', 11, 2017),
(74, 0, '0000-00-00 00:00:00', 4, '2018-02-21 16:57:00', 10, 2017),
(74, 0, '0000-00-00 00:00:00', 4, '2018-02-21 16:57:00', 11, 2017),
(114, 50, '2018-02-21 16:58:00', 81, '2018-02-21 16:59:00', 1, 2017),
(114, 100, '2018-02-21 16:58:00', 160, '2018-02-21 16:59:00', 2, 2017),
(114, 150, '2018-02-21 16:58:00', 411, '2018-02-21 16:59:00', 3, 2017),
(114, 50, '2018-02-21 16:58:00', 193, '2018-02-21 16:59:00', 4, 2017),
(114, 50, '2018-02-21 16:58:00', 238, '2018-02-21 16:59:00', 5, 2017),
(114, 100, '2018-02-21 16:58:00', 300, '2018-02-21 16:59:00', 6, 2017),
(114, 50, '2018-02-21 16:58:00', 245, '2018-02-21 16:59:00', 7, 2017),
(114, 100, '2018-02-21 16:58:00', 320, '2018-02-21 16:59:00', 8, 2017),
(114, 150, '2018-02-21 16:58:00', 543, '2018-02-21 16:59:00', 9, 2017),
(114, 50, '2018-02-21 16:58:00', 145, '2018-02-21 16:59:00', 10, 2017),
(114, 100, '2018-02-21 16:58:00', 0, '0000-00-00 00:00:00', 11, 2017),
(114, 150, '2018-02-21 16:58:00', 0, '0000-00-00 00:00:00', 12, 2017),
(115, 1, '2018-02-21 16:58:00', 7, '2018-02-21 17:00:00', 1, 2017),
(115, 2, '2018-02-21 16:58:00', 2, '2018-02-21 17:00:00', 2, 2017),
(115, 2, '2018-02-21 16:58:00', 1, '2018-02-21 17:00:00', 3, 2017),
(115, 1, '2018-02-21 16:58:00', 6, '2018-02-21 17:00:00', 4, 2017),
(115, 2, '2018-02-21 16:58:00', 8, '2018-02-21 17:00:00', 5, 2017),
(115, 2, '2018-02-21 16:58:00', 8, '2018-02-21 17:00:00', 6, 2017),
(115, 1, '2018-02-21 16:58:00', 15, '2018-02-21 17:00:00', 7, 2017),
(115, 2, '2018-02-21 16:58:00', 9, '2018-02-21 17:00:00', 8, 2017),
(115, 3, '2018-02-21 16:58:00', 5, '2018-02-21 17:00:00', 9, 2017),
(115, 1, '2018-02-21 16:58:00', 10, '2018-02-21 17:00:00', 10, 2017),
(115, 3, '2018-02-21 16:58:00', 0, '0000-00-00 00:00:00', 11, 2017),
(115, 2, '2018-02-21 16:58:00', 0, '0000-00-00 00:00:00', 12, 2017),
(116, 3, '2018-02-21 16:58:00', 3, '2018-02-21 17:00:00', 1, 2017),
(116, 3, '2018-02-21 16:58:00', 8, '2018-02-21 17:00:00', 2, 2017),
(116, 3, '2018-02-21 16:58:00', 32, '2018-02-21 17:00:00', 3, 2017),
(116, 3, '2018-02-21 16:58:00', 17, '2018-02-21 17:00:00', 4, 2017),
(116, 3, '2018-02-21 16:58:00', 8, '2018-02-21 17:00:00', 5, 2017),
(116, 3, '2018-02-21 16:58:00', 15, '2018-02-21 17:00:00', 6, 2017),
(116, 3, '2018-02-21 16:58:00', 33, '2018-02-21 17:00:00', 7, 2017),
(116, 3, '2018-02-21 16:58:00', 12, '2018-02-21 17:00:00', 8, 2017),
(116, 3, '2018-02-21 16:58:00', 12, '2018-02-21 17:00:00', 9, 2017),
(116, 3, '2018-02-21 16:58:00', 11, '2018-02-21 17:00:00', 10, 2017),
(116, 3, '2018-02-21 16:58:00', 0, '0000-00-00 00:00:00', 11, 2017),
(116, 3, '2018-02-21 16:58:00', 0, '0000-00-00 00:00:00', 12, 2017),
(88, 20, '2018-02-21 17:02:00', 0, '0000-00-00 00:00:00', 1, 2017),
(88, 30, '2018-02-21 17:02:00', 47, '2018-02-21 17:03:00', 2, 2017),
(88, 75, '2018-02-21 17:02:00', 371, '2018-02-21 17:03:00', 3, 2017),
(88, 25, '2018-02-21 17:02:00', 145, '2018-02-21 17:03:00', 4, 2017),
(88, 20, '2018-02-21 17:02:00', 106, '2018-02-21 17:03:00', 5, 2017),
(88, 30, '2018-02-21 17:02:00', 219, '2018-02-21 17:03:00', 6, 2017),
(88, 50, '2018-02-21 17:02:00', 131, '2018-02-21 17:03:00', 7, 2017),
(88, 55, '2018-02-21 17:02:00', 303, '2018-02-21 17:03:00', 8, 2017),
(88, 65, '2018-02-21 17:02:00', 290, '2018-02-21 17:03:00', 9, 2017),
(88, 35, '2018-02-21 17:02:00', 57, '2018-02-21 17:03:00', 10, 2017),
(88, 65, '2018-02-21 17:02:00', 75, '2018-02-21 17:03:00', 11, 2017),
(88, 80, '2018-02-21 17:02:00', 247, '2018-02-21 17:03:00', 12, 2017),
(92, 3, '2018-02-21 17:03:00', 42, '2018-02-21 17:04:00', 1, 2017),
(92, 3, '2018-02-21 17:03:00', 66, '2018-02-21 17:04:00', 2, 2017),
(92, 4, '2018-02-21 17:03:00', 109, '2018-02-21 17:04:00', 3, 2017),
(92, 4, '2018-02-21 17:03:00', 74, '2018-02-21 17:04:00', 4, 2017),
(92, 3, '2018-02-21 17:03:00', 91, '2018-02-21 17:04:00', 5, 2017),
(92, 3, '2018-02-21 17:03:00', 95, '2018-02-21 17:04:00', 6, 2017),
(92, 4, '2018-02-21 17:03:00', 79, '2018-02-21 17:04:00', 7, 2017),
(92, 5, '2018-02-21 17:03:00', 109, '2018-02-21 17:04:00', 8, 2017),
(92, 6, '2018-02-21 17:03:00', 128, '2018-02-21 17:04:00', 9, 2017),
(92, 3, '2018-02-21 17:03:00', 70, '2018-02-21 17:04:00', 10, 2017),
(92, 5, '2018-02-21 17:03:00', 86, '2018-02-21 17:04:00', 11, 2017),
(92, 7, '2018-02-21 17:03:00', 161, '2018-02-21 17:04:00', 12, 2017),
(95, 1, '2018-02-21 17:04:00', 1, '2018-02-21 17:08:00', 2, 2017),
(95, 1, '2018-02-21 17:04:00', 3, '2018-02-21 17:08:00', 5, 2017),
(95, 1, '2018-02-21 17:04:00', 1, '2018-02-21 17:08:00', 7, 2017),
(95, 1, '2018-02-21 17:04:00', 0, '0000-00-00 00:00:00', 10, 2017),
(96, 1, '2018-02-21 17:04:00', 0, '0000-00-00 00:00:00', 2, 2017),
(242, 1, '2018-02-21 17:06:00', 1, '2018-02-21 17:09:00', 1, 2017),
(101, 1, '2018-02-21 17:06:00', 0, '0000-00-00 00:00:00', 1, 2017),
(101, 1, '2018-02-21 17:06:00', 9, '2018-02-21 17:09:00', 2, 2017),
(101, 1, '2018-02-21 17:06:00', 32, '2018-02-21 17:09:00', 3, 2017),
(101, 1, '2018-02-21 17:06:00', 5, '2018-02-21 17:09:00', 4, 2017),
(101, 2, '2018-02-21 17:06:00', 7, '2018-02-21 17:09:00', 5, 2017),
(101, 1, '2018-02-21 17:06:00', 9, '2018-02-21 17:09:00', 7, 2017),
(101, 1, '2018-02-21 17:06:00', 6, '2018-02-21 17:09:00', 8, 2017),
(101, 1, '2018-02-21 17:06:00', 3, '2018-02-21 17:09:00', 9, 2017),
(101, 1, '2018-02-21 17:06:00', 0, '0000-00-00 00:00:00', 10, 2017),
(101, 1, '2018-02-21 17:06:00', 0, '0000-00-00 00:00:00', 11, 2017),
(104, 1, '2018-02-21 17:06:00', 1, '2018-02-21 17:09:00', 1, 2017),
(107, 1, '2018-02-21 17:07:00', 5, '2018-02-21 17:10:00', 1, 2017),
(107, 1, '2018-02-21 17:07:00', 8, '2018-02-21 17:10:00', 2, 2017),
(107, 1, '2018-02-21 17:07:00', 1, '2018-02-21 17:10:00', 3, 2017),
(107, 1, '2018-02-21 17:07:00', 0, '0000-00-00 00:00:00', 4, 2017),
(107, 1, '2018-02-21 17:07:00', 5, '2018-02-21 17:10:00', 5, 2017),
(107, 1, '2018-02-21 17:07:00', 2, '2018-02-21 17:10:00', 6, 2017),
(107, 1, '2018-02-21 17:07:00', 20, '2018-02-21 17:10:00', 7, 2017),
(107, 1, '2018-02-21 17:07:00', 7, '2018-02-21 17:10:00', 8, 2017),
(107, 1, '2018-02-21 17:07:00', 9, '2018-02-21 17:10:00', 9, 2017),
(107, 1, '2018-02-21 17:07:00', 0, '0000-00-00 00:00:00', 10, 2017),
(110, 1, '2018-02-21 17:07:00', 3, '2018-02-21 17:10:00', 5, 2017),
(110, 1, '2018-02-21 17:07:00', 1, '2018-02-21 17:10:00', 6, 2017),
(110, 1, '2018-02-21 17:07:00', 0, '0000-00-00 00:00:00', 7, 2017),
(110, 1, '2018-02-21 17:07:00', 0, '0000-00-00 00:00:00', 8, 2017),
(95, 0, '0000-00-00 00:00:00', 1, '2018-02-21 17:08:00', 1, 2017),
(95, 0, '0000-00-00 00:00:00', 1, '2018-02-21 17:08:00', 3, 2017),
(95, 0, '0000-00-00 00:00:00', 2, '2018-02-21 17:08:00', 6, 2017),
(95, 0, '0000-00-00 00:00:00', 1, '2018-02-21 17:08:00', 8, 2017),
(95, 0, '0000-00-00 00:00:00', 1, '2018-02-21 17:08:00', 9, 2017),
(96, 0, '0000-00-00 00:00:00', 1, '2018-02-21 17:08:00', 1, 2017),
(96, 0, '0000-00-00 00:00:00', 1, '2018-02-21 17:08:00', 8, 2017),
(96, 0, '0000-00-00 00:00:00', 3, '2018-02-21 17:08:00', 11, 2017),
(100, 0, '0000-00-00 00:00:00', 1, '2018-02-21 17:08:00', 3, 2017),
(100, 0, '0000-00-00 00:00:00', 1, '2018-02-21 17:08:00', 9, 2017),
(103, 0, '0000-00-00 00:00:00', 1, '2018-02-21 17:09:00', 3, 2017),
(103, 0, '0000-00-00 00:00:00', 1, '2018-02-21 17:09:00', 9, 2017),
(110, 0, '0000-00-00 00:00:00', 2, '2018-02-21 17:10:00', 4, 2017),
(243, 1, '2018-02-21 17:12:00', 4, '2018-02-21 17:15:00', 2, 2017),
(243, 1, '2018-02-21 17:12:00', 4, '2018-02-21 17:15:00', 5, 2017),
(244, 1, '2018-02-21 17:12:00', 4, '2018-02-21 17:15:00', 2, 2017),
(244, 1, '2018-02-21 17:12:00', 4, '2018-02-21 17:15:00', 5, 2017),
(244, 1, '2018-02-21 17:12:00', 3, '2018-02-21 17:15:00', 8, 2017),
(125, 1, '2018-02-21 17:15:00', 3, '2018-02-21 17:16:00', 1, 2017),
(125, 2, '2018-02-21 17:15:00', 24, '2018-02-21 17:16:00', 3, 2017),
(128, 2, '2018-02-21 17:15:00', 7, '2018-02-21 17:17:00', 1, 2017),
(128, 14, '2018-02-21 17:15:00', 0, '0000-00-00 00:00:00', 7, 2017),
(125, 1, '2018-02-21 17:15:00', 5, '2018-02-21 17:16:00', 2, 2017),
(125, 1, '2018-02-21 17:15:00', 6, '2018-02-21 17:16:00', 5, 2017),
(128, 2, '2018-02-21 17:15:00', 10, '2018-02-21 17:17:00', 2, 2017),
(128, 2, '2018-02-21 17:15:00', 11, '2018-02-21 17:17:00', 5, 2017),
(128, 8, '2018-02-21 17:15:00', 12, '2018-02-21 17:17:00', 8, 2017),
(243, 0, '0000-00-00 00:00:00', 5, '2018-02-21 17:15:00', 8, 2017),
(243, 0, '0000-00-00 00:00:00', 3, '2018-02-21 17:15:00', 9, 2017),
(125, 0, '0000-00-00 00:00:00', 7, '2018-02-21 17:16:00', 8, 2017),
(125, 0, '0000-00-00 00:00:00', 4, '2018-02-21 17:16:00', 9, 2017),
(125, 0, '0000-00-00 00:00:00', 7, '2018-02-21 17:16:00', 11, 2017),
(128, 0, '0000-00-00 00:00:00', 9, '2018-02-21 17:17:00', 9, 2017),
(128, 0, '0000-00-00 00:00:00', 14, '2018-02-21 17:17:00', 11, 2017),
(227, 1, '2018-02-21 17:18:00', 0, '0000-00-00 00:00:00', 7, 2017),
(228, 2, '2018-02-21 17:18:00', 10, '2018-02-21 17:18:00', 1, 2017),
(228, 2, '2018-02-21 17:18:00', 50, '2018-02-21 17:18:00', 2, 2017),
(228, 2, '2018-02-21 17:18:00', 106, '2018-02-21 17:18:00', 3, 2017),
(228, 2, '2018-02-21 17:18:00', 0, '0000-00-00 00:00:00', 4, 2017),
(228, 2, '2018-02-21 17:18:00', 0, '0000-00-00 00:00:00', 5, 2017),
(228, 2, '2018-02-21 17:18:00', 0, '0000-00-00 00:00:00', 6, 2017),
(228, 2, '2018-02-21 17:18:00', 0, '0000-00-00 00:00:00', 7, 2017),
(228, 2, '2018-02-21 17:18:00', 0, '0000-00-00 00:00:00', 8, 2017),
(228, 2, '2018-02-21 17:18:00', 0, '0000-00-00 00:00:00', 9, 2017),
(228, 2, '2018-02-21 17:18:00', 0, '0000-00-00 00:00:00', 10, 2017),
(228, 2, '2018-02-21 17:18:00', 0, '0000-00-00 00:00:00', 11, 2017),
(228, 2, '2018-02-21 17:18:00', 0, '0000-00-00 00:00:00', 12, 2017),
(131, 1, '2018-02-27 08:18:00', 2, '2018-02-21 17:28:00', 1, 2017),
(131, 1, '2018-02-27 08:18:00', 2, '2018-02-21 17:28:00', 2, 2017),
(131, 1, '2018-02-27 08:18:00', 1, '2018-02-21 17:28:00', 3, 2017),
(131, 1, '2018-02-27 08:18:00', 1, '2018-02-21 17:28:00', 4, 2017),
(131, 1, '2018-02-27 08:18:00', 2, '2018-02-21 17:28:00', 5, 2017),
(131, 1, '2018-02-27 08:18:00', 1, '2018-02-21 17:28:00', 7, 2017),
(131, 1, '2018-02-27 08:18:00', 1, '2018-02-21 17:28:00', 8, 2017),
(131, 1, '2018-02-27 08:18:00', 1, '2018-02-21 17:28:00', 9, 2017),
(131, 1, '2018-02-27 08:18:00', 4, '2018-02-21 17:28:00', 11, 2017),
(131, 1, '2018-02-27 08:18:00', 0, '0000-00-00 00:00:00', 12, 2017),
(132, 2, '2018-02-21 17:20:00', 3, '2018-02-21 17:28:00', 1, 2017),
(132, 1, '2018-02-21 17:20:00', 4, '2018-02-21 17:28:00', 2, 2017),
(132, 3, '2018-02-21 17:20:00', 6, '2018-02-21 17:28:00', 3, 2017),
(132, 1, '2018-02-21 17:20:00', 2, '2018-02-21 17:28:00', 4, 2017),
(132, 1, '2018-02-21 17:20:00', 2, '2018-02-21 17:28:00', 5, 2017),
(132, 1, '2018-02-21 17:20:00', 3, '2018-02-21 17:28:00', 6, 2017),
(132, 4, '2018-02-21 17:20:00', 3, '2018-02-21 17:28:00', 7, 2017),
(132, 2, '2018-02-21 17:20:00', 3, '2018-02-21 17:28:00', 8, 2017),
(132, 2, '2018-02-21 17:20:00', 4, '2018-02-21 17:28:00', 9, 2017),
(132, 1, '2018-02-21 17:20:00', 3, '2018-02-21 17:28:00', 10, 2017),
(132, 3, '2018-02-21 17:20:00', 3, '2018-02-21 17:28:00', 11, 2017),
(132, 1, '2018-02-21 17:20:00', 1, '2018-02-21 17:28:00', 12, 2017),
(138, 1, '2018-02-21 17:20:00', 2, '2018-02-21 17:28:00', 7, 2017),
(139, 1, '2018-02-21 17:21:00', 2, '2018-02-21 17:28:00', 5, 2017),
(139, 1, '2018-02-21 17:21:00', 2, '2018-02-21 17:28:00', 8, 2017),
(139, 1, '2018-02-21 17:21:00', 2, '2018-02-21 17:28:00', 10, 2017),
(136, 1, '2018-02-21 17:22:00', 1, '2018-02-21 17:29:00', 1, 2017),
(136, 1, '2018-02-21 17:22:00', 1, '2018-02-21 17:29:00', 3, 2017),
(136, 1, '2018-02-21 17:22:00', 12, '2018-02-21 17:29:00', 5, 2017),
(135, 2, '2018-02-21 17:22:00', 5, '2018-02-21 17:29:00', 1, 2017),
(135, 5, '2018-02-21 17:22:00', 8, '2018-02-21 17:29:00', 2, 2017),
(135, 3, '2018-02-21 17:22:00', 10, '2018-02-21 17:29:00', 3, 2017),
(135, 5, '2018-02-21 17:22:00', 10, '2018-02-21 17:29:00', 4, 2017),
(135, 8, '2018-02-21 17:22:00', 20, '2018-02-21 17:29:00', 5, 2017),
(135, 5, '2018-02-21 17:22:00', 10, '2018-02-21 17:29:00', 6, 2017),
(135, 4, '2018-02-21 17:22:00', 10, '2018-02-21 17:29:00', 7, 2017),
(135, 5, '2018-02-21 17:22:00', 8, '2018-02-21 17:29:00', 8, 2017),
(135, 3, '2018-02-21 17:22:00', 8, '2018-02-21 17:29:00', 9, 2017),
(135, 3, '2018-02-21 17:22:00', 6, '2018-02-21 17:29:00', 10, 2017),
(135, 2, '2018-02-21 17:22:00', 7, '2018-02-21 17:29:00', 11, 2017),
(135, 3, '2018-02-21 17:22:00', 10, '2018-02-21 17:29:00', 12, 2017),
(141, 1, '2018-02-21 17:22:00', 2, '2018-02-21 17:29:00', 7, 2017),
(142, 1, '2018-02-21 17:23:00', 4, '2018-02-21 17:29:00', 7, 2017),
(142, 1, '2018-02-21 17:23:00', 0, '0000-00-00 00:00:00', 8, 2017),
(143, 5, '2018-02-21 17:23:00', 8, '2018-02-21 17:30:00', 1, 2017),
(143, 3, '2018-02-21 17:23:00', 7, '2018-02-21 17:30:00', 3, 2017),
(146, 5, '2018-02-21 17:24:00', 15, '2018-02-21 17:30:00', 1, 2017),
(146, 8, '2018-02-21 17:24:00', 14, '2018-02-21 17:30:00', 2, 2017),
(146, 7, '2018-02-21 17:24:00', 8, '2018-02-21 17:30:00', 3, 2017),
(146, 3, '2018-02-21 17:24:00', 4, '2018-02-21 17:30:00', 4, 2017),
(146, 2, '2018-02-21 17:24:00', 26, '2018-02-21 17:30:00', 5, 2017),
(146, 3, '2018-02-21 17:24:00', 8, '2018-02-21 17:30:00', 6, 2017),
(146, 2, '2018-02-21 17:24:00', 13, '2018-02-21 17:30:00', 7, 2017),
(146, 3, '2018-02-21 17:24:00', 22, '2018-02-21 17:30:00', 8, 2017),
(146, 5, '2018-02-21 17:24:00', 13, '2018-02-21 17:30:00', 9, 2017),
(146, 2, '2018-02-21 17:24:00', 0, '0000-00-00 00:00:00', 10, 2017),
(146, 5, '2018-02-21 17:24:00', 0, '0000-00-00 00:00:00', 11, 2017),
(148, 1, '2018-02-21 17:24:00', 1, '2018-02-21 17:30:00', 1, 2017),
(149, 1, '2018-02-21 17:27:00', 2, '2018-02-21 17:31:00', 5, 2017),
(149, 1, '2018-02-21 17:27:00', 1, '2018-02-21 17:31:00', 10, 2017),
(142, 0, '0000-00-00 00:00:00', 3, '2018-02-21 17:29:00', 9, 2017),
(143, 0, '0000-00-00 00:00:00', 10, '2018-02-21 17:30:00', 4, 2017),
(143, 0, '0000-00-00 00:00:00', 15, '2018-02-21 17:30:00', 5, 2017),
(148, 0, '0000-00-00 00:00:00', 1, '2018-02-21 17:30:00', 3, 2017),
(152, 1, '2018-02-21 17:32:00', 1, '2018-02-21 17:35:00', 2, 2017),
(152, 1, '2018-02-21 17:32:00', 2, '2018-02-21 17:35:00', 3, 2017),
(152, 1, '2018-02-21 17:32:00', 0, '0000-00-00 00:00:00', 5, 2017),
(152, 1, '2018-02-21 17:32:00', 0, '0000-00-00 00:00:00', 6, 2017),
(152, 1, '2018-02-21 17:32:00', 0, '0000-00-00 00:00:00', 7, 2017),
(152, 1, '2018-02-21 17:32:00', 2, '2018-02-21 17:35:00', 8, 2017),
(152, 1, '2018-02-21 17:32:00', 2, '2018-02-21 17:35:00', 10, 2017),
(152, 1, '2018-02-21 17:32:00', 0, '0000-00-00 00:00:00', 11, 2017),
(153, 1, '2018-02-21 17:32:00', 2, '2018-02-21 17:35:00', 3, 2017),
(153, 1, '2018-02-21 17:32:00', 1, '2018-02-21 17:35:00', 6, 2017),
(153, 1, '2018-02-21 17:32:00', 0, '0000-00-00 00:00:00', 8, 2017),
(153, 1, '2018-02-21 17:32:00', 0, '0000-00-00 00:00:00', 11, 2017),
(160, 1, '2018-02-21 17:32:00', 3, '2018-02-21 17:35:00', 2, 2017),
(161, 1, '2018-02-21 17:33:00', 1, '2018-02-21 17:36:00', 2, 2017),
(156, 1, '2018-02-21 17:33:00', 0, '0000-00-00 00:00:00', 6, 2017),
(157, 2, '2018-02-21 17:33:00', 0, '0000-00-00 00:00:00', 3, 2017),
(157, 2, '2018-02-21 17:33:00', 0, '0000-00-00 00:00:00', 5, 2017),
(157, 2, '2018-02-21 17:33:00', 0, '0000-00-00 00:00:00', 8, 2017),
(157, 2, '2018-02-21 17:33:00', 0, '0000-00-00 00:00:00', 11, 2017),
(163, 1, '2018-02-21 17:33:00', 0, '0000-00-00 00:00:00', 6, 2017),
(165, 1, '2018-02-21 17:34:00', 3, '2018-02-21 17:37:00', 2, 2017),
(166, 1, '2018-02-21 17:34:00', 1, '2018-02-21 17:37:00', 2, 2017),
(169, 3, '2018-02-21 17:34:00', 6, '2018-02-21 17:39:00', 2, 2017),
(169, 2, '2018-02-21 17:34:00', 11, '2018-02-21 17:39:00', 3, 2017),
(169, 2, '2018-02-21 17:34:00', 11, '2018-02-21 17:39:00', 4, 2017),
(169, 2, '2018-02-21 17:34:00', 8, '2018-02-21 17:39:00', 5, 2017),
(169, 2, '2018-02-21 17:34:00', 0, '0000-00-00 00:00:00', 6, 2017),
(169, 2, '2018-02-21 17:34:00', 15, '2018-02-21 17:39:00', 7, 2017),
(169, 2, '2018-02-21 17:34:00', 0, '0000-00-00 00:00:00', 8, 2017),
(169, 2, '2018-02-21 17:34:00', 0, '0000-00-00 00:00:00', 9, 2017),
(169, 2, '2018-02-21 17:34:00', 0, '0000-00-00 00:00:00', 10, 2017),
(169, 1, '2018-02-21 17:34:00', 0, '0000-00-00 00:00:00', 11, 2017),
(174, 1, '2018-02-21 17:34:00', 2, '2018-02-21 17:40:00', 3, 2017),
(174, 1, '2018-02-21 17:34:00', 0, '0000-00-00 00:00:00', 6, 2017),
(152, 0, '0000-00-00 00:00:00', 1, '2018-02-21 17:35:00', 1, 2017),
(152, 0, '0000-00-00 00:00:00', 1, '2018-02-21 17:35:00', 4, 2017),
(152, 0, '0000-00-00 00:00:00', 3, '2018-02-21 17:35:00', 9, 2017),
(153, 0, '0000-00-00 00:00:00', 1, '2018-02-21 17:35:00', 1, 2017),
(153, 0, '0000-00-00 00:00:00', 4, '2018-02-21 17:35:00', 2, 2017),
(153, 0, '0000-00-00 00:00:00', 2, '2018-02-21 17:35:00', 4, 2017),
(153, 0, '0000-00-00 00:00:00', 2, '2018-02-21 17:35:00', 5, 2017),
(153, 0, '0000-00-00 00:00:00', 3, '2018-02-21 17:35:00', 7, 2017),
(153, 0, '0000-00-00 00:00:00', 4, '2018-02-21 17:35:00', 9, 2017),
(153, 0, '0000-00-00 00:00:00', 3, '2018-02-21 17:35:00', 10, 2017),
(159, 0, '0000-00-00 00:00:00', 1, '2018-02-21 17:38:00', 7, 2017),
(161, 0, '0000-00-00 00:00:00', 2, '2018-02-21 17:36:00', 9, 2017),
(163, 0, '0000-00-00 00:00:00', 2, '2018-02-21 17:37:00', 5, 2017),
(163, 0, '0000-00-00 00:00:00', 2, '2018-02-21 17:37:00', 7, 2017),
(164, 0, '0000-00-00 00:00:00', 1, '2018-02-21 17:37:00', 7, 2017),
(166, 0, '0000-00-00 00:00:00', 2, '2018-02-21 17:37:00', 9, 2017),
(171, 0, '0000-00-00 00:00:00', 2, '2018-02-21 17:39:00', 3, 2017),
(171, 0, '0000-00-00 00:00:00', 1, '2018-02-21 17:39:00', 8, 2017),
(174, 0, '0000-00-00 00:00:00', 1, '2018-02-21 17:40:00', 11, 2017),
(178, 0, '0000-00-00 00:00:00', 1, '2018-02-21 17:40:00', 7, 2017),
(217, 10, '2018-02-21 17:41:00', 40, '2018-02-21 17:55:00', 6, 2017),
(217, 10, '2018-02-21 17:41:00', 100, '2018-02-21 17:55:00', 10, 2017),
(183, 0, '2018-02-21 17:56:00', 50, '2018-02-21 17:51:00', 2, 2017),
(183, 0, '2018-02-21 17:56:00', 100, '2018-02-21 17:51:00', 3, 2017),
(183, 0, '2018-02-21 17:56:00', 2515, '2018-02-21 17:51:00', 9, 2017),
(184, 0, '2018-02-21 17:56:00', 2515, '2018-02-21 17:51:00', 9, 2017),
(184, 0, '2018-02-21 17:56:00', 1155, '2018-02-21 17:51:00', 10, 2017),
(183, 0, '2018-02-21 17:56:00', 58, '2018-02-21 17:51:00', 4, 2017),
(183, 0, '2018-02-21 17:56:00', 1155, '2018-02-21 17:51:00', 10, 2017),
(181, 0, '2018-02-21 17:56:00', 1, '2018-02-21 17:50:00', 1, 2017),
(181, 0, '2018-02-21 17:56:00', 3, '2018-02-21 17:50:00', 2, 2017),
(181, 0, '2018-02-21 17:56:00', 2, '2018-02-21 17:50:00', 3, 2017),
(181, 0, '2018-02-21 17:56:00', 3, '2018-02-21 17:50:00', 7, 2017),
(181, 0, '2018-02-21 17:56:00', 1, '2018-02-21 17:50:00', 9, 2017),
(181, 0, '2018-02-21 17:56:00', 2, '2018-02-21 17:50:00', 11, 2017),
(188, 0, '2018-02-21 17:56:00', 162, '2018-02-21 17:52:00', 3, 2017),
(188, 0, '2018-02-21 17:56:00', 76, '2018-02-21 17:52:00', 6, 2017),
(189, 0, '2018-02-21 17:56:00', 73, '2018-02-21 17:52:00', 3, 2017),
(189, 0, '2018-02-21 17:56:00', 39, '2018-02-21 17:52:00', 6, 2017),
(190, 0, '2018-02-21 17:56:00', 31, '2018-02-21 17:52:00', 3, 2017),
(191, 0, '2018-02-21 17:56:00', 16, '2018-02-21 17:52:00', 3, 2017),
(192, 0, '2018-02-21 17:56:00', 16, '2018-02-21 17:52:00', 3, 2017),
(187, 0, '2018-02-21 17:56:00', 73, '2018-02-21 17:51:00', 3, 2017),
(187, 0, '2018-02-21 17:56:00', 39, '2018-02-21 17:51:00', 6, 2017),
(194, 0, '2018-02-21 17:56:00', 130, '2018-02-21 17:53:00', 3, 2017),
(194, 0, '2018-02-21 17:56:00', 34, '2018-02-21 17:53:00', 6, 2017),
(195, 0, '2018-02-21 17:56:00', 405, '2018-02-21 17:53:00', 3, 2017),
(195, 0, '2018-02-21 17:56:00', 135, '2018-02-21 17:53:00', 6, 2017),
(196, 0, '2018-02-21 17:57:00', 12632, '2018-02-21 17:53:00', 3, 2017),
(196, 0, '2018-02-21 17:57:00', 2515, '2018-02-21 17:53:00', 9, 2017),
(196, 0, '2018-02-21 17:57:00', 1155, '2018-02-21 17:53:00', 10, 2017),
(197, 0, '2018-02-21 17:57:00', 2906, '2018-02-21 17:53:00', 3, 2017),
(198, 0, '2018-02-21 17:57:00', 1775, '2018-02-21 17:54:00', 3, 2017),
(200, 0, '2018-02-21 17:57:00', 191, '2018-02-21 17:54:00', 3, 2017),
(200, 0, '2018-02-21 17:57:00', 31, '2018-02-21 17:54:00', 6, 2017),
(202, 0, '2018-02-21 17:57:00', 94, '2018-02-21 17:54:00', 3, 2017),
(203, 0, '2018-02-21 17:57:00', 275, '2018-02-21 17:54:00', 3, 2017),
(205, 0, '2018-02-21 17:57:00', 202, '2018-02-21 17:54:00', 3, 2017),
(206, 0, '2018-02-21 17:57:00', 149, '2018-02-21 17:54:00', 3, 2017),
(209, 0, '2018-02-21 17:57:00', 149, '2018-02-21 17:55:00', 3, 2017),
(207, 0, '2018-02-21 17:57:00', 95, '2018-02-21 17:54:00', 3, 2017),
(210, 0, '2018-02-21 17:57:00', 6, '2018-02-21 17:55:00', 3, 2017),
(211, 0, '2018-02-21 17:57:00', 131, '2018-02-21 17:55:00', 3, 2017),
(212, 0, '2018-02-21 17:57:00', 40, '2018-02-21 17:55:00', 3, 2017),
(213, 0, '2018-02-21 17:57:00', 2783, '2018-02-21 17:55:00', 3, 2017),
(213, 0, '2018-02-21 17:57:00', 1955, '2018-02-21 17:55:00', 4, 2017),
(221, 150, '2018-02-21 17:58:00', 246, '2018-02-21 18:00:00', 1, 2017),
(221, 120, '2018-02-21 17:58:00', 247, '2018-02-21 18:00:00', 2, 2017),
(221, 120, '2018-02-21 17:58:00', 249, '2018-02-21 18:00:00', 3, 2017),
(221, 130, '2018-02-21 17:58:00', 185, '2018-02-21 18:00:00', 4, 2017),
(221, 120, '2018-02-21 17:58:00', 155, '2018-02-21 18:00:00', 5, 2017),
(221, 120, '2018-02-21 17:58:00', 150, '2018-02-21 18:00:00', 6, 2017),
(221, 120, '2018-02-21 17:58:00', 324, '2018-02-21 18:00:00', 7, 2017),
(221, 110, '2018-02-21 17:58:00', 285, '2018-02-21 18:00:00', 8, 2017),
(221, 110, '2018-02-21 17:58:00', 264, '2018-02-21 18:00:00', 9, 2017),
(221, 120, '2018-02-21 17:58:00', 191, '2018-02-21 18:00:00', 10, 2017),
(221, 120, '2018-02-21 17:58:00', 0, '0000-00-00 00:00:00', 11, 2017),
(221, 112, '2018-02-21 17:58:00', 0, '0000-00-00 00:00:00', 12, 2017),
(222, 40, '2018-02-21 17:59:00', 50, '2018-02-21 18:00:00', 1, 2017),
(222, 40, '2018-02-21 17:59:00', 27, '2018-02-21 18:00:00', 2, 2017),
(222, 30, '2018-02-21 17:59:00', 38, '2018-02-21 18:00:00', 3, 2017),
(222, 40, '2018-02-21 17:59:00', 261, '2018-02-21 18:00:00', 4, 2017),
(222, 35, '2018-02-21 17:59:00', 494, '2018-02-21 18:00:00', 5, 2017),
(222, 35, '2018-02-21 17:59:00', 150, '2018-02-21 18:00:00', 6, 2017),
(222, 35, '2018-02-21 17:59:00', 480, '2018-02-21 18:00:00', 7, 2017),
(222, 35, '2018-02-21 17:59:00', 190, '2018-02-21 18:00:00', 8, 2017),
(222, 30, '2018-02-21 17:59:00', 602, '2018-02-21 18:00:00', 9, 2017),
(222, 40, '2018-02-21 17:59:00', 160, '2018-02-21 18:00:00', 10, 2017),
(222, 40, '2018-02-21 17:59:00', 0, '0000-00-00 00:00:00', 11, 2017),
(222, 40, '2018-02-21 17:59:00', 0, '0000-00-00 00:00:00', 12, 2017),
(224, 100, '2018-02-21 17:59:00', 423, '2018-02-21 18:00:00', 2, 2017),
(224, 100, '2018-02-21 17:59:00', 445, '2018-02-21 18:00:00', 5, 2017),
(224, 100, '2018-02-21 17:59:00', 417, '2018-02-21 18:00:00', 8, 2017),
(224, 100, '2018-02-21 17:59:00', 652, '2018-02-21 18:00:00', 11, 2017),
(247, 1, '2018-03-01 15:21:00', 7, '2018-03-01 15:32:00', 1, 2017),
(247, 6, '2018-03-01 15:21:00', 7, '2018-03-01 15:32:00', 2, 2017),
(247, 5, '2018-03-01 15:21:00', 7, '2018-03-01 15:32:00', 3, 2017),
(247, 6, '2018-03-01 15:21:00', 8, '2018-03-01 15:32:00', 4, 2017),
(247, 8, '2018-03-01 15:21:00', 8, '2018-03-01 15:32:00', 5, 2017),
(247, 9, '2018-03-01 15:21:00', 2000, '2018-03-01 15:32:00', 6, 2017),
(247, 67, '2018-03-01 15:21:00', 7, '2018-03-01 15:32:00', 7, 2017),
(247, 5, '2018-03-01 15:21:00', 6, '2018-03-01 15:32:00', 8, 2017),
(247, 5, '2018-03-01 15:21:00', 6, '2018-03-01 15:32:00', 9, 2017),
(247, 5, '2018-03-01 15:21:00', 6, '2018-03-01 15:32:00', 10, 2017),
(247, 5, '2018-03-01 15:21:00', 76, '2018-03-01 15:32:00', 11, 2017),
(247, 3, '2018-03-01 15:21:00', 6, '2018-03-01 15:32:00', 12, 2017),
(248, 8, '2018-03-01 15:22:00', 19, '2018-03-01 15:32:00', 1, 2017),
(248, 6, '2018-03-01 15:22:00', 6, '2018-03-01 15:32:00', 2, 2017),
(248, 8, '2018-03-01 15:22:00', 2, '2018-03-01 15:32:00', 3, 2017),
(248, 9, '2018-03-01 15:22:00', 23, '2018-03-01 15:32:00', 4, 2017),
(248, 6, '2018-03-01 15:22:00', 68, '2018-03-01 15:32:00', 5, 2017),
(248, 54, '2018-03-01 15:22:00', 489, '2018-03-01 15:32:00', 6, 2017),
(248, 7, '2018-03-01 15:22:00', 88, '2018-03-01 15:32:00', 7, 2017),
(248, 9, '2018-03-01 15:22:00', 88, '2018-03-01 15:32:00', 8, 2017),
(248, 7, '2018-03-01 15:22:00', 388, '2018-03-01 15:32:00', 9, 2017),
(248, 6, '2018-03-01 15:22:00', 600, '2018-03-01 15:32:00', 10, 2017),
(248, 6, '2018-03-01 15:22:00', 8, '2018-03-01 15:32:00', 11, 2017),
(248, 3, '2018-03-01 15:22:00', 781, '2018-03-01 15:32:00', 12, 2017),
(5, 2, '2018-03-05 11:31:00', 1, '2018-03-09 01:53:00', 1, 2018),
(5, 2, '2018-03-05 11:31:00', 0, '0000-00-00 00:00:00', 2, 2018),
(5, 3, '2018-03-05 11:31:00', 0, '0000-00-00 00:00:00', 8, 2018),
(5, 6, '2018-03-05 11:31:00', 0, '0000-00-00 00:00:00', 10, 2018),
(251, 5, '2018-03-05 15:32:00', 5, '2018-03-05 15:32:00', 1, 2018),
(251, 4, '2018-03-05 15:32:00', 6, '2018-03-05 15:32:00', 2, 2018),
(251, 3, '2018-03-05 15:32:00', 7, '2018-03-05 15:32:00', 3, 2018),
(251, 5, '2018-03-05 15:32:00', 8, '2018-03-05 15:32:00', 4, 2018),
(251, 4, '2018-03-05 15:32:00', 5, '2018-03-05 15:32:00', 5, 2018),
(251, 6, '2018-03-05 15:32:00', 6, '2018-03-05 15:32:00', 6, 2018),
(251, 2, '2018-03-05 15:32:00', 4, '2018-03-05 15:32:00', 7, 2018),
(251, 6, '2018-03-05 15:32:00', 6, '2018-03-05 15:32:00', 8, 2018),
(251, 7, '2018-03-05 15:32:00', 7, '2018-03-05 15:32:00', 9, 2018),
(251, 5, '2018-03-05 15:32:00', 7, '2018-03-05 15:32:00', 10, 2018),
(251, 6, '2018-03-05 15:32:00', 8, '2018-03-05 15:32:00', 11, 2018),
(251, 7, '2018-03-05 15:32:00', 7, '2018-03-05 15:32:00', 12, 2018);

/*!40101 SET CHARACTER_SET_CLIENT=@OLD_CHARACTER_SET_CLIENT */;
/*!40101 SET CHARACTER_SET_RESULTS=@OLD_CHARACTER_SET_RESULTS */;
/*!40101 SET COLLATION_CONNECTION=@OLD_COLLATION_CONNECTION */;
